dimension,n,mean_score,sd_score
correctness,3120,1.8793269230769232,0.3396510036442092
completeness,3120,1.9833333333333334,0.16904891462205152
traceability_usefulness,3120,0.27580128205128207,0.47926649790728154
governance_adequacy,3120,1.4362179487179487,0.465310719821758
hallucination_risk,3120,1.1165064102564102,0.670067187098883
