family,calibration_n,calibration_mean,holdout_n,holdout_mean,delta_holdout_minus_calibration
llama3.2,80,6.8875,160,6.8,-0.08750000000000036
qwen3,160,6.775,320,6.7953125,0.02031249999999929
qwen2.5,240,6.71875,480,6.734375,0.015625
qwen2.5-coder,320,6.725,640,6.7015625,-0.0234375
codegemma,80,6.675,160,6.65625,-0.018749999999999822
granite-code,160,6.709375,320,6.3140625,-0.3953124999999993
starcoder2,160,0.8625,320,0.784375,-0.078125
